{
  "main": {
    "id": "e2ddf81e056c8d1d",
    "type": "split",
    "children": [
      {
        "id": "9a68f40946872432",
        "type": "tabs",
        "children": [
          {
            "id": "08a39e80fa8431ef",
            "type": "leaf",
            "state": {
              "type": "markdown",
              "state": {
                "file": "Tecnologia/Conceitos/IA generativas.md",
                "mode": "source",
                "source": false
              }
            }
          },
          {
            "id": "fe919a0188595531",
            "type": "leaf",
            "state": {
              "type": "markdown",
              "state": {
                "file": "🌱 Jardim Digital do Yan..md",
                "mode": "source",
                "source": false
              }
            }
          }
        ]
      }
    ],
    "direction": "vertical"
  },
  "left": {
    "id": "17dad574e885cf3b",
    "type": "split",
    "children": [
      {
        "id": "f4a47e78a580d2d1",
        "type": "tabs",
        "children": [
          {
            "id": "a9df9d52cb1d4f8e",
            "type": "leaf",
            "state": {
              "type": "file-explorer",
              "state": {
                "sortOrder": "alphabeticalReverse"
              }
            }
          },
          {
            "id": "54cab5b497d8ab2f",
            "type": "leaf",
            "state": {
              "type": "search",
              "state": {
                "query": "",
                "matchingCase": false,
                "explainSearch": false,
                "collapseAll": false,
                "extraContext": false,
                "sortOrder": "alphabetical"
              }
            }
          },
          {
            "id": "08ec11ac5da47c0e",
            "type": "leaf",
            "state": {
              "type": "bookmarks",
              "state": {}
            }
          }
        ]
      }
    ],
    "direction": "horizontal",
    "width": 300
  },
  "right": {
    "id": "884944a45b88ba6e",
    "type": "split",
    "children": [
      {
        "id": "8f3ad55a15cd8945",
        "type": "tabs",
        "children": [
          {
            "id": "a68ee350592669af",
            "type": "leaf",
            "state": {
              "type": "backlink",
              "state": {
                "file": "Tecnologia/Conceitos/IA generativas.md",
                "collapseAll": false,
                "extraContext": false,
                "sortOrder": "alphabetical",
                "showSearch": false,
                "searchQuery": "",
                "backlinkCollapsed": false,
                "unlinkedCollapsed": true
              }
            }
          },
          {
            "id": "fc3fe4d648271bfa",
            "type": "leaf",
            "state": {
              "type": "outgoing-link",
              "state": {
                "file": "Tecnologia/Conceitos/IA generativas.md",
                "linksCollapsed": false,
                "unlinkedCollapsed": true
              }
            }
          },
          {
            "id": "6d3cbc8d58400115",
            "type": "leaf",
            "state": {
              "type": "tag",
              "state": {
                "sortOrder": "frequency",
                "useHierarchy": true
              }
            }
          },
          {
            "id": "b1ed3b34311c7dd5",
            "type": "leaf",
            "state": {
              "type": "outline",
              "state": {
                "file": "Tecnologia/Conceitos/IA generativas.md"
              }
            }
          },
          {
            "id": "3e97cf06a30c2607",
            "type": "leaf",
            "state": {
              "type": "calendar",
              "state": {}
            }
          },
          {
            "id": "183f2cf3bc3066f1",
            "type": "leaf",
            "state": {
              "type": "advanced-tables-toolbar",
              "state": {}
            }
          }
        ],
        "currentTab": 2
      }
    ],
    "direction": "horizontal",
    "width": 300
  },
  "left-ribbon": {
    "hiddenItems": {
      "switcher:Open quick switcher": false,
      "graph:Open graph view": false,
      "canvas:Create new canvas": false,
      "daily-notes:Open today's daily note": false,
      "templates:Insert template": false,
      "command-palette:Open command palette": false,
      "audio-recorder:Start/stop recording": false,
      "markdown-importer:Open format converter": false,
      "obsidian-markbase:Sync all Markbase projects": false,
      "table-editor-obsidian:Advanced Tables Toolbar": false,
      "digitalgarden:Digital Garden Publication Center": false
    }
  },
  "active": "08a39e80fa8431ef",
  "lastOpenFiles": [
    "Tecnologia/Descobertas/Ferramentas/TextFx.md",
    "🌱 Jardim Digital do Yan..md",
    "Tecnologia/Conceitos/IA generativas.md",
    "Tecnologia/Conceitos/(Large Language Models).md",
    "Imagens",
    "seedling_1f331.png",
    "Imagens/favico.png",
    "Day Planners/Day Planner-20230824.md",
    "Day Planners",
    "Tecnologia/Descobertas/Ferramentas/Untitled.md",
    "Tecnologia/Conceitos",
    "Tecnologia",
    "Tecnologia/Descobertas/Ferramentas",
    "Tecnologia/Descobertas"
  ]
}